<?xml version="1.0"?>
<metadata xml:lang="en"><Esri><CreaDate>20250814</CreaDate><CreaTime>14271900</CreaTime><ArcGISFormat>1.0</ArcGISFormat><SyncOnce>TRUE</SyncOnce><scaleRange><minScale>150000000</minScale><maxScale>5000</maxScale></scaleRange><ArcGISProfile>ItemDescription</ArcGISProfile></Esri><dataIdInfo><idPurp>r6jr6r</idPurp><idAbs>&lt;DIV STYLE="text-align:Left;"&gt;&lt;DIV&gt;&lt;P&gt;&lt;SPAN&gt;jo6roj&lt;/SPAN&gt;&lt;/P&gt;&lt;/DIV&gt;&lt;/DIV&gt;</idAbs><idCredit>oj6ro6</idCredit><idCitation><resTitle>ytnu</resTitle></idCitation><searchKeys><keyword>n7i</keyword></searchKeys></dataIdInfo><mdHrLv><ScopeCd value="005"></ScopeCd></mdHrLv><mdDateSt Sync="TRUE">20250814</mdDateSt></metadata>
